step,timestamp,vehicle_count,cluster_count,noise_count,cluster_head_count,trusted_count,unknown_count,malicious_count,emergency_messages,delivered_messages,forwarded,duplicates,routing_hops,auth_success,auth_failures,pdr,avg_delay_ms,broadcast_overhead,ch_changes,throughput_kbps,auth_success_rate,avg_legitimate_trust,avg_malicious_trust,avg_cluster_lifetime,ch_change_rate,avg_intra_cluster_connectivity,cluster_stability_score,recluster_count,reclustering_skipped_count,bls_sign_time_ms,bls_individual_verify_time_ms,bls_batch_verify_time_ms,bls_batch_avg_size,bls_signature_size_bytes,bls_verifications_total,bls_batches_total,bls_auth_success,bls_auth_failures
0,1788546911.9913964,1,0,1,0,0,1,0,0,0,0,0,0,0,0,100.0,0.0,0.0,0,0.0,100.0,0.58,0.15,0.0,0.0,1.0,1.0,1,0,0.0,0.0,0.0,0.0,0,0,0,0,0
1,1788546912.0034978,3,1,1,1,0,3,0,0,0,0,0,0,0,0,100.0,0.0,0.0,0,0.0,100.0,0.58,0.58,1.0,0.0,1.0,1.0,2,0,0.0,0.0,0.0,0.0,0,0,0,0,0
2,1788546912.0079813,6,1,4,1,0,6,0,0,0,0,0,0,0,0,100.0,0.0,0.0,0,0.0,100.0,0.58,0.58,2.0,0.0,1.0,1.0,3,0,0.0,0.0,0.0,0.0,0,0,0,0,0
3,1788546912.020677,8,1,6,1,0,8,0,0,0,0,0,0,0,0,100.0,0.0,0.0,0,0.0,100.0,0.59,0.59,3.0,0.0,1.0,1.0,4,0,0.0,0.0,0.0,0.0,0,0,0,0,0
4,1788546912.0319192,11,1,9,1,0,11,0,0,0,0,0,0,0,0,100.0,0.0,0.0,0,0.0,100.0,0.59,0.59,4.0,0.0,1.0,1.0,5,0,0.0,0.0,0.0,0.0,0,0,0,0,0
5,1788546912.0381851,13,1,11,1,0,13,0,0,0,0,0,0,0,0,100.0,0.0,0.0,0,0.0,100.0,0.59,0.59,5.0,0.0,1.0,1.0,5,1,0.0,0.0,0.0,0.0,0,0,0,0,0
6,1788546912.0511239,16,2,10,2,0,16,0,0,0,0,0,0,0,0,100.0,0.0,0.0,1,0.0,100.0,0.59,0.59,2.33,0.0,1.0,1.0,6,1,0.0,0.0,0.0,0.0,0,0,0,0,0
7,1788546912.0624645,18,2,12,2,0,18,0,0,0,0,0,0,0,0,100.0,0.0,0.0,1,0.0,100.0,0.59,0.59,3.0,0.0,1.0,1.0,6,2,0.0,0.0,0.0,0.0,0,0,0,0,0
8,1788546912.0785825,21,4,11,4,0,21,0,0,0,0,0,0,0,0,100.0,0.0,0.0,2,0.0,100.0,0.59,0.59,2.6,0.0278,1.0,0.9917,7,2,0.0,0.0,0.0,0.0,0,0,0,0,0
9,1788546912.0923333,23,4,13,4,0,23,0,0,0,0,0,0,0,0,100.0,0.0,0.0,2,0.0,100.0,0.59,0.59,3.4,0.025,1.0,0.9925,7,3,0.0,0.0,0.0,0.0,0,0,0,0,0
10,1788546912.1112716,26,4,16,4,0,26,0,0,0,0,0,0,0,0,100.0,0.0,0.0,2,0.0,100.0,0.59,0.59,4.2,0.025,1.0,0.9925,7,4,0.0,0.0,0.0,0.0,0,0,0,0,0
11,1788546912.1282525,27,4,17,4,0,27,0,0,0,0,0,0,0,0,100.0,0.0,0.0,6,0.0,100.0,0.59,0.6,3.12,0.05,1.0,0.985,8,4,0.0,0.0,0.0,0.0,0,0,0,0,0
12,1788546912.146621,30,4,20,4,0,30,0,0,0,0,0,0,0,0,100.0,0.0,0.0,6,0.0,100.0,0.59,0.6,3.62,0.05,1.0,0.985,8,5,0.0,0.0,0.0,0.0,0,0,0,0,0
13,1788546912.1680799,33,4,23,4,0,33,0,0,0,0,0,0,0,0,100.0,0.0,0.0,6,0.0,100.0,0.59,0.6,4.12,0.05,0.9167,0.9267,8,6,0.0,0.0,0.0,0.0,0,0,0,0,0
14,1788546912.1946945,34,6,21,6,0,34,0,0,0,0,0,0,0,0,100.0,0.0,0.0,10,0.0,100.0,0.6,0.59,3.25,0.05,1.0,0.985,9,6,0.0,0.0,0.0,0.0,0,0,0,0,0
15,1788546912.2232087,37,6,24,6,0,37,0,0,0,0,0,0,0,0,100.0,0.0,0.0,10,0.0,100.0,0.6,0.6,3.75,0.05,1.0,0.985,9,7,0.0,0.0,0.0,0.0,0,0,0,0,0
16,1788546912.2423284,40,6,27,6,0,40,0,0,0,0,0,0,0,0,100.0,0.0,0.0,10,0.0,100.0,0.6,0.6,4.25,0.05,1.0,0.985,9,8,0.0,0.0,0.0,0.0,0,0,0,0,0
17,1788546912.2669902,42,6,29,6,0,42,0,0,0,0,0,0,0,0,100.0,0.0,0.0,10,0.0,100.0,0.6,0.6,4.75,0.05,1.0,0.985,9,9,0.0,0.0,0.0,0.0,0,0,0,0,0
18,1788546912.3194308,45,10,18,10,0,45,0,0,0,0,0,0,0,0,100.0,0.0,0.0,15,0.0,100.0,0.6,0.6,3.72,0.04,1.0,0.988,10,9,0.0,0.0,0.0,0.0,0,0,0,0,0
19,1788546912.3446796,48,10,21,10,0,48,0,0,0,0,0,0,0,0,100.0,0.0,0.0,15,0.0,100.0,0.6,0.6,4.28,0.04,1.0,0.988,10,10,0.0,0.0,0.0,0.0,0,0,0,0,0
20,1788546912.389798,51,10,24,10,0,51,0,0,0,0,0,0,0,0,100.0,0.0,0.0,15,0.0,100.0,0.6,0.6,4.83,0.04,1.0,0.988,10,11,0.0,0.0,0.0,0.0,0,0,0,0,0
21,1788546912.4202447,53,10,26,10,0,53,0,0,0,0,0,0,0,0,100.0,0.0,0.0,15,0.0,100.0,0.6,0.6,5.39,0.03,1.0,0.991,10,12,0.0,0.0,0.0,0.0,0,0,0,0,0
22,1788546912.4480445,55,10,28,10,0,55,0,0,0,0,0,0,0,0,100.0,0.0,0.0,15,0.0,100.0,0.6,0.6,5.94,0.03,1.0,0.991,10,13,0.0,0.0,0.0,0.0,0,0,0,0,0
23,1788546912.4961185,58,13,15,13,0,58,0,0,0,0,0,0,0,0,100.0,0.0,0.0,23,0.0,100.0,0.6,0.6,5.22,0.0615,0.9718,0.9618,11,13,0.0,0.0,0.0,0.0,0,0,0,0,0
24,1788546912.5320146,60,13,17,13,0,60,0,0,0,0,0,0,0,0,100.0,0.0,0.0,23,0.0,100.0,0.6,0.6,5.78,0.0538,0.959,0.9551,11,14,0.0,0.0,0.0,0.0,0,0,0,0,0
25,1788546912.5863364,61,13,18,13,0,61,0,0,0,0,0,0,0,0,100.0,0.0,0.0,23,0.0,100.0,0.6,0.6,6.35,0.0538,0.9667,0.9605,11,15,0.0,0.0,0.0,0.0,0,0,0,0,0
26,1788546912.6180115,65,13,22,13,0,65,0,0,0,0,0,0,0,0,100.0,0.0,0.0,23,0.0,100.0,0.6,0.6,6.91,0.0538,0.959,0.9551,11,16,0.0,0.0,0.0,0.0,0,0,0,0,0
27,1788546912.6626613,67,13,24,13,0,67,0,0,0,0,0,0,0,0,100.0,0.0,0.0,23,0.0,100.0,0.6,0.6,7.48,0.0538,0.9513,0.9497,11,17,0.0,0.0,0.0,0.0,0,0,0,0,0
28,1788546912.7131517,71,17,13,17,0,71,0,0,0,0,0,0,0,0,100.0,0.0,0.0,34,0.0,100.0,0.6,0.6,5.73,0.0588,0.9854,0.9722,12,17,0.0,0.0,0.0,0.0,0,0,0,0,0
29,1788546912.757116,73,17,15,17,0,73,0,0,0,0,0,0,0,0,100.0,0.0,0.0,34,0.0,100.0,0.6,0.6,6.24,0.0588,0.9941,0.9782,12,18,0.0,0.0,0.0,0.0,0,0,0,0,0
30,1788546912.7993538,76,17,18,17,0,76,0,0,0,0,0,0,0,0,100.0,0.0,0.0,34,0.0,100.0,0.6,0.6,6.76,0.0588,0.9941,0.9782,12,19,0.0,0.0,0.0,0.0,0,0,0,0,0
31,1788546912.8435776,78,17,20,17,0,78,0,0,0,0,0,0,0,0,100.0,0.0,0.0,34,0.0,100.0,0.6,0.6,7.27,0.0588,0.9941,0.9782,12,20,0.0,0.0,0.0,0.0,0,0,0,0,0
32,1788546912.8940482,81,17,23,17,0,81,0,0,0,0,0,0,0,0,100.0,0.0,0.0,34,0.0,100.0,0.6,0.6,7.79,0.0588,0.9882,0.9741,12,21,0.0,0.0,0.0,0.0,0,0,0,0,0
33,1788546912.9680154,83,16,12,16,0,83,0,0,0,0,0,0,0,0,100.0,0.0,0.0,45,0.0,100.0,0.6,0.6,6.66,0.0563,0.9639,0.9578,13,21,0.0,0.0,0.0,0.0,0,0,0,0,0
34,1788546913.0187337,86,16,15,16,0,86,0,0,0,0,0,0,0,0,100.0,0.0,0.0,45,0.0,100.0,0.6,0.6,7.05,0.0563,0.963,0.9572,13,22,0.0,0.0,0.0,0.0,0,0,0,0,0
35,1788546913.082079,88,16,17,16,0,88,0,0,0,0,0,0,0,0,100.0,0.0,0.0,45,0.0,100.0,0.6,0.6,7.44,0.0563,0.962,0.9566,13,23,0.0,0.0,0.0,0.0,0,0,0,0,0
36,1788546913.1460087,91,16,20,16,0,91,0,0,0,0,0,0,0,0,100.0,0.0,0.0,45,0.0,100.0,0.6,0.6,7.83,0.0563,0.9553,0.9519,13,24,0.0,0.0,0.0,0.0,0,0,0,0,0
37,1788546913.1955159,93,16,22,16,0,93,0,0,0,0,0,0,0,0,100.0,0.0,0.0,45,0.0,100.0,0.6,0.6,8.22,0.0563,0.9336,0.9366,13,25,0.0,0.0,0.0,0.0,0,0,0,0,0
38,1788546913.2406785,96,18,12,18,0,96,0,0,0,0,0,0,0,0,100.0,0.0,0.0,58,0.0,100.0,0.6,0.6,6.83,0.0389,0.9618,0.9616,14,25,0.0,0.0,0.0,0.0,0,0,0,0,0
39,1788546913.2605753,98,18,14,18,0,98,0,0,0,0,0,0,0,0,100.0,0.0,0.0,58,0.0,100.0,0.6,0.6,7.17,0.0389,0.959,0.9596,14,26,0.0,0.0,0.0,0.0,0,0,0,0,0
40,1788546913.2808225,101,18,17,18,0,101,0,0,0,0,0,0,0,0,100.0,0.0,0.0,58,0.0,100.0,0.6,0.6,7.52,0.0389,0.9644,0.9634,14,27,0.0,0.0,0.0,0.0,0,0,0,0,0
41,1788546913.3014908,103,18,19,18,0,103,0,0,0,0,0,0,0,0,100.0,0.0,0.0,58,0.0,100.0,0.6,0.6,7.87,0.0389,0.9464,0.9508,14,28,0.0,0.0,0.0,0.0,0,0,0,0,0
42,1788546913.3229496,106,18,22,18,0,106,0,0,0,0,0,0,0,0,100.0,0.0,0.0,58,0.0,100.0,0.6,0.6,8.21,0.0389,0.9285,0.9383,14,29,0.0,0.0,0.0,0.0,0,0,0,0,0
43,1788546913.3764334,108,19,10,19,0,108,0,0,0,0,0,0,0,0,100.0,0.0,0.0,68,0.0,100.0,0.6,0.6,7.31,0.0474,0.9538,0.9535,15,29,0.0,0.0,0.0,0.0,0,0,0,0,0
44,1788546913.398023,110,19,12,19,0,110,0,0,0,0,0,0,0,0,100.0,0.0,0.0,68,0.0,100.0,0.6,0.6,7.62,0.0474,0.9542,0.9537,15,30,0.0,0.0,0.0,0.0,0,0,0,0,0
45,1788546913.4207225,112,19,14,19,0,112,0,0,0,0,0,0,0,0,100.0,0.0,0.0,68,0.0,100.0,0.61,0.61,7.93,0.0474,0.9527,0.9527,15,31,0.0,0.0,0.0,0.0,0,0,0,0,0
46,1788546913.4443054,116,19,18,19,0,116,0,0,0,0,0,0,0,0,100.0,0.0,0.0,68,0.0,100.0,0.6,0.61,8.25,0.0474,0.9481,0.9495,15,32,0.0,0.0,0.0,0.0,0,0,0,0,0
47,1788546913.467898,118,19,20,19,0,118,0,0,0,0,0,0,0,0,100.0,0.0,0.0,68,0.0,100.0,0.6,0.61,8.56,0.0474,0.934,0.9396,15,33,0.0,0.0,0.0,0.0,0,0,0,0,0
48,1788546913.531299,120,20,10,20,0,120,0,0,0,0,0,0,0,0,100.0,0.0,0.0,82,0.0,100.0,0.61,0.61,7.63,0.065,0.9728,0.9614,16,33,0.0,0.0,0.0,0.0,0,0,0,0,0
49,1788546913.5559473,122,20,12,20,0,122,0,0,0,0,0,0,0,0,100.0,0.0,0.0,82,0.0,100.0,0.61,0.61,7.92,0.065,0.9778,0.9649,16,34,0.0,0.0,0.0,0.0,0,0,0,0,0
50,1788546913.5812068,125,20,15,20,0,125,0,0,0,0,0,0,0,0,100.0,0.0,0.0,82,0.0,100.0,0.61,0.61,8.2,0.065,0.975,0.963,16,35,0.0,0.0,0.0,0.0,0,0,0,0,0
51,1788546919.6183848,128,20,18,20,3,125,0,1,1,4,18,6,1,0,100.0,311.12,4.0,82,0.8,100.0,0.61,0.61,8.48,0.065,0.9702,0.9597,16,36,113.466,308.064,0.0,0.0,96,14,0,1,0
52,1788546919.646142,130,20,20,20,3,127,0,1,1,4,18,6,1,0,100.0,311.12,4.0,82,0.79,100.0,0.61,0.61,8.76,0.065,0.9605,0.9528,16,37,113.466,308.064,0.0,0.0,96,14,0,1,0
53,1788546919.7221627,132,22,11,22,3,129,0,1,1,4,18,6,1,0,100.0,311.12,4.0,101,0.77,100.0,0.61,0.61,7.76,0.0545,0.9585,0.9546,17,37,113.466,308.064,0.0,0.0,96,14,0,1,0
54,1788546919.751362,134,22,13,22,3,131,0,1,1,4,18,6,1,0,100.0,311.12,4.0,101,0.76,100.0,0.61,0.61,8.02,0.0545,0.9586,0.9546,17,38,113.466,308.064,0.0,0.0,96,14,0,1,0
55,1788546919.7807446,137,22,16,22,3,134,0,1,1,4,18,6,1,0,100.0,311.12,4.0,101,0.74,100.0,0.61,0.61,8.29,0.0545,0.962,0.9571,17,39,113.466,308.064,0.0,0.0,96,14,0,1,0
56,1788546919.810852,141,22,20,22,3,138,0,1,1,4,18,6,1,0,100.0,311.12,4.0,101,0.73,100.0,0.61,0.61,8.55,0.0545,0.9465,0.9462,17,40,113.466,308.064,0.0,0.0,96,14,0,1,0
57,1788546919.841054,143,22,22,22,3,140,0,1,1,4,18,6,1,0,100.0,311.12,4.0,101,0.72,100.0,0.61,0.61,8.82,0.0545,0.9232,0.9299,17,41,113.466,308.064,0.0,0.0,96,14,0,1,0
58,1788546919.9273443,144,15,11,15,3,141,0,1,1,4,18,6,1,0,100.0,311.12,4.0,113,0.71,100.0,0.61,0.61,7.86,0.04,0.8675,0.8952,18,41,113.466,308.064,0.0,0.0,96,14,0,1,0
59,1788546919.9583218,146,15,13,15,3,143,0,1,1,4,18,6,1,0,100.0,311.12,4.0,113,0.69,100.0,0.61,0.61,8.02,0.04,0.8707,0.8975,18,42,113.466,308.064,0.0,0.0,96,14,0,1,0
60,1788546919.9903548,151,15,18,15,3,148,0,1,1,4,18,6,1,0,100.0,311.12,4.0,113,0.68,100.0,0.61,0.62,8.18,0.04,0.8687,0.8961,18,43,113.466,308.064,0.0,0.0,96,14,0,1,0
61,1788546920.0228045,153,15,20,15,3,150,0,1,1,4,18,6,1,0,100.0,311.12,4.0,113,0.67,100.0,0.61,0.62,8.34,0.04,0.8658,0.894,18,44,113.466,308.064,0.0,0.0,96,14,0,1,0
62,1788546920.055181,155,15,22,15,3,152,0,1,1,4,18,6,1,0,100.0,311.12,4.0,113,0.66,100.0,0.61,0.62,8.49,0.04,0.863,0.8921,18,45,113.466,308.064,0.0,0.0,96,14,0,1,0
63,1788546920.154368,157,20,6,20,3,154,0,1,1,4,18,6,1,0,100.0,311.12,4.0,123,0.65,100.0,0.61,0.62,7.59,0.01,0.9723,0.9776,19,45,113.466,308.064,0.0,0.0,96,14,0,1,0
64,1788546920.1888604,159,20,8,20,3,156,0,1,1,4,18,6,1,0,100.0,311.12,4.0,123,0.64,100.0,0.61,0.62,7.77,0.01,0.9751,0.9796,19,46,113.466,308.064,0.0,0.0,96,14,0,1,0
65,1788546920.2237153,161,20,10,20,3,158,0,1,1,4,18,6,1,0,100.0,311.12,4.0,123,0.63,100.0,0.61,0.62,7.95,0.01,0.9755,0.9798,19,47,113.466,308.064,0.0,0.0,96,14,0,1,0
66,1788546920.259,165,20,14,20,3,162,0,1,1,4,18,6,1,0,100.0,311.12,4.0,123,0.62,100.0,0.61,0.62,8.14,0.01,0.9678,0.9745,19,48,113.466,308.064,0.0,0.0,96,14,0,1,0
67,1788546920.2946925,166,20,15,20,3,163,0,1,1,4,18,6,1,0,100.0,311.12,4.0,123,0.61,100.0,0.61,0.62,8.32,0.01,0.9621,0.9705,19,49,113.466,308.064,0.0,0.0,96,14,0,1,0
68,1788546920.4055254,170,19,8,19,3,167,0,1,1,4,18,6,1,0,100.0,311.12,4.0,137,0.6,100.0,0.61,0.62,8.05,0.0263,0.9246,0.9393,20,49,113.466,308.064,0.0,0.0,96,14,0,1,0
69,1788546920.443185,171,19,9,19,3,168,0,1,1,4,18,6,1,0,100.0,311.12,4.0,137,0.59,100.0,0.61,0.62,8.22,0.0263,0.9244,0.9392,20,50,113.466,308.064,0.0,0.0,96,14,0,1,0
70,1788546920.4788742,172,19,10,19,3,169,0,1,1,4,18,6,1,0,100.0,311.12,4.0,137,0.59,100.0,0.61,0.62,8.38,0.0263,0.9239,0.9388,20,51,113.466,308.064,0.0,0.0,96,14,0,1,0
71,1788546920.5155528,177,19,15,19,3,174,0,1,1,4,18,6,1,0,100.0,311.12,4.0,137,0.58,100.0,0.61,0.62,8.55,0.0263,0.9226,0.9379,20,52,113.466,308.064,0.0,0.0,96,14,0,1,0
72,1788546920.5527213,180,19,18,19,3,177,0,1,1,4,18,6,1,0,100.0,311.12,4.0,137,0.57,100.0,0.61,0.62,8.71,0.0263,0.9096,0.9289,20,53,113.466,308.064,0.0,0.0,96,14,0,1,0
73,1788546920.6752408,182,17,6,17,3,179,0,1,1,4,18,6,1,0,100.0,311.12,4.0,150,0.56,100.0,0.61,0.62,8.35,0.0412,0.9096,0.9244,21,53,113.466,308.064,0.0,0.0,96,14,0,1,0
74,1788546920.713937,185,17,9,17,3,182,0,1,1,4,18,6,1,0,100.0,311.12,4.0,150,0.55,100.0,0.61,0.61,8.49,0.0412,0.9141,0.9275,21,54,113.466,308.064,0.0,0.0,96,14,0,1,0
75,1788546920.752919,188,17,12,17,3,185,0,1,1,4,18,6,1,0,100.0,311.12,4.0,150,0.55,100.0,0.61,0.61,8.63,0.0412,0.9052,0.9213,21,55,113.466,308.064,0.0,0.0,96,14,0,1,0
76,1788546920.7924592,191,17,15,17,3,188,0,1,1,4,18,6,1,0,100.0,311.12,4.0,150,0.54,100.0,0.61,0.61,8.77,0.0412,0.8944,0.9137,21,56,113.466,308.064,0.0,0.0,96,14,0,1,0
77,1788546920.832124,193,17,17,17,3,190,0,1,1,4,18,6,1,0,100.0,311.12,4.0,150,0.53,100.0,0.61,0.61,8.91,0.0412,0.8829,0.9057,21,57,113.466,308.064,0.0,0.0,96,14,0,1,0
78,1788546920.9710963,196,21,7,21,3,193,0,1,1,4,18,6,1,0,100.0,311.12,4.0,162,0.53,100.0,0.61,0.61,8.09,0.0238,0.9268,0.9416,22,57,113.466,308.064,0.0,0.0,96,14,0,1,0
79,1788546921.012446,197,21,8,21,3,194,0,1,1,4,18,6,1,0,100.0,311.12,4.0,162,0.52,100.0,0.61,0.61,8.24,0.0238,0.9274,0.9421,22,58,113.466,308.064,0.0,0.0,96,14,0,1,0
80,1788546921.0543823,200,21,11,21,3,197,0,1,1,4,18,6,1,0,100.0,311.12,4.0,162,0.51,100.0,0.61,0.61,8.39,0.0238,0.9272,0.9419,22,59,113.466,308.064,0.0,0.0,96,14,0,1,0
81,1788546921.0970953,203,21,14,21,3,200,0,1,1,4,18,6,1,0,100.0,311.12,4.0,162,0.51,100.0,0.61,0.61,8.55,0.0238,0.9221,0.9384,22,60,113.466,308.064,0.0,0.0,96,14,0,1,0
82,1788546921.1405141,206,21,17,21,3,203,0,1,1,4,18,6,1,0,100.0,311.12,4.0,162,0.5,100.0,0.61,0.61,8.7,0.0238,0.9103,0.9301,22,61,113.466,308.064,0.0,0.0,96,14,0,1,0
83,1788546921.2927322,208,19,2,19,3,205,0,1,1,4,18,6,1,0,100.0,311.12,4.0,176,0.49,100.0,0.61,0.61,8.53,0.0474,0.9184,0.9286,23,61,113.466,308.064,0.0,0.0,96,14,0,1,0
84,1788546921.337384,211,19,5,19,3,208,0,1,1,4,18,6,1,0,100.0,311.12,4.0,176,0.49,100.0,0.61,0.61,8.66,0.0474,0.9187,0.9289,23,62,113.466,308.064,0.0,0.0,96,14,0,1,0
85,1788546921.3820164,213,19,7,19,3,210,0,1,1,4,18,6,1,0,100.0,311.12,4.0,176,0.48,100.0,0.61,0.61,8.8,0.0474,0.9163,0.9272,23,63,113.466,308.064,0.0,0.0,96,14,0,1,0
86,1788546921.4277804,216,19,10,19,3,213,0,1,1,4,18,6,1,0,100.0,311.12,4.0,176,0.48,100.0,0.61,0.61,8.93,0.0474,0.9125,0.9245,23,64,113.466,308.064,0.0,0.0,96,14,0,1,0
87,1788546921.4741254,218,19,12,19,3,215,0,1,1,4,18,6,1,0,100.0,311.12,4.0,176,0.47,100.0,0.61,0.61,9.06,0.0474,0.9017,0.917,23,65,113.466,308.064,0.0,0.0,96,14,0,1,0
88,1788546921.6419246,220,18,7,18,3,217,0,1,1,4,18,6,1,0,100.0,311.12,4.0,185,0.47,100.0,0.61,0.61,8.88,0.0556,0.91,0.9204,24,65,113.466,308.064,0.0,0.0,96,14,0,1,0
89,1788546921.6892612,223,18,10,18,3,220,0,1,1,4,18,6,1,0,100.0,311.12,4.0,185,0.46,100.0,0.61,0.61,9.0,0.0556,0.9143,0.9234,24,66,113.466,308.064,0.0,0.0,96,14,0,1,0
90,1788546921.7371235,226,18,13,18,3,223,0,1,1,4,18,6,1,0,100.0,311.12,4.0,185,0.46,100.0,0.61,0.61,9.12,0.0556,0.9145,0.9235,24,67,113.466,308.064,0.0,0.0,96,14,0,1,0
91,1788546921.7855947,228,18,15,18,3,225,0,1,1,4,18,6,1,0,100.0,311.12,4.0,185,0.45,100.0,0.61,0.61,9.24,0.0556,0.9112,0.9212,24,68,113.466,308.064,0.0,0.0,96,14,0,1,0
92,1788546921.8343513,229,18,16,18,3,226,0,1,1,4,18,6,1,0,100.0,311.12,4.0,185,0.45,100.0,0.61,0.61,9.37,0.0556,0.9062,0.9176,24,69,113.466,308.064,0.0,0.0,96,14,0,1,0
93,1788546922.0259078,232,25,1,25,3,229,0,1,1,4,18,6,1,0,100.0,311.12,4.0,201,0.44,100.0,0.61,0.61,8.93,0.056,0.9787,0.9683,25,69,113.466,308.064,0.0,0.0,96,14,0,1,0
94,1788546922.0766797,233,25,2,25,3,230,0,1,1,4,18,6,1,0,100.0,311.12,4.0,201,0.44,100.0,0.61,0.61,9.09,0.056,0.9785,0.9682,25,70,113.466,308.064,0.0,0.0,96,14,0,1,0
95,1788546922.127919,237,25,6,25,3,234,0,1,1,4,18,6,1,0,100.0,311.12,4.0,201,0.43,100.0,0.61,0.61,9.25,0.056,0.9752,0.9658,25,71,113.466,308.064,0.0,0.0,96,14,0,1,0
96,1788546922.1793988,240,25,9,25,3,237,0,1,1,4,18,6,1,0,100.0,311.12,4.0,201,0.43,100.0,0.61,0.61,9.41,0.056,0.9662,0.9595,25,72,113.466,308.064,0.0,0.0,96,14,0,1,0
97,1788546922.231331,242,25,11,25,3,239,0,1,1,4,18,6,1,0,100.0,311.12,4.0,201,0.42,100.0,0.61,0.61,9.57,0.056,0.9472,0.9463,25,73,113.466,308.064,0.0,0.0,96,14,0,1,0
98,1788546922.443371,245,14,11,14,3,242,0,1,1,4,18,6,1,0,100.0,311.12,4.0,213,0.42,100.0,0.61,0.61,9.24,0.0929,0.8424,0.8618,26,73,113.466,308.064,0.0,0.0,96,14,0,1,0
99,1788546922.49757,246,14,12,14,3,243,0,1,1,4,18,6,1,0,100.0,311.12,4.0,213,0.41,100.0,0.61,0.61,9.33,0.0929,0.835,0.8567,26,74,113.466,308.064,0.0,0.0,96,14,0,1,0
100,1788546922.5521595,249,14,15,14,3,246,0,1,1,4,18,6,1,0,100.0,311.12,4.0,213,0.41,100.0,0.61,0.61,9.41,0.0929,0.8229,0.8482,26,75,113.466,308.064,0.0,0.0,96,14,0,1,0
101,1788546922.605567,248,14,14,14,3,245,0,1,1,4,18,6,1,0,100.0,311.12,4.0,213,0.41,100.0,0.61,0.61,9.5,0.0929,0.8023,0.8338,26,76,113.466,308.064,0.0,0.0,96,14,0,1,0
102,1788546922.659979,248,14,14,14,3,245,0,1,1,4,18,6,1,0,100.0,311.12,4.0,213,0.4,100.0,0.61,0.61,9.59,0.0929,0.7689,0.8103,26,77,113.466,308.064,0.0,0.0,96,14,0,1,0
103,1788546922.8755581,248,13,9,13,3,245,0,1,1,4,18,6,1,0,100.0,311.12,4.0,225,0.4,100.0,0.61,0.61,9.16,0.0231,0.8082,0.8588,27,77,113.466,308.064,0.0,0.0,96,14,0,1,0
104,1788546922.9289448,248,13,9,13,3,245,0,1,1,4,18,6,1,0,100.0,311.12,4.0,225,0.39,100.0,0.61,0.61,9.24,0.0231,0.8055,0.8569,27,78,113.466,308.064,0.0,0.0,96,14,0,1,0
105,1788546922.982084,249,13,10,13,3,246,0,1,1,4,18,6,1,0,100.0,311.12,4.0,225,0.39,100.0,0.61,0.61,9.31,0.0231,0.8027,0.855,27,79,113.466,308.064,0.0,0.0,96,14,0,1,0
106,1788546923.0351865,249,13,10,13,3,246,0,1,1,4,18,6,1,0,100.0,311.12,4.0,225,0.39,100.0,0.61,0.61,9.39,0.0231,0.7827,0.841,27,80,113.466,308.064,0.0,0.0,96,14,0,1,0
107,1788546923.0881305,249,13,10,13,3,246,0,1,1,4,18,6,1,0,100.0,311.12,4.0,225,0.38,100.0,0.61,0.61,9.46,0.0231,0.7651,0.8286,27,81,113.466,308.064,0.0,0.0,96,14,0,1,0
108,1788546923.3024194,249,14,1,14,3,246,0,1,1,4,18,6,1,0,100.0,311.12,4.0,233,0.38,100.0,0.61,0.61,9.17,0.0429,0.8476,0.8805,28,81,113.466,308.064,0.0,0.0,96,14,0,1,0
109,1788546923.3564305,249,14,1,14,3,246,0,1,1,4,18,6,1,0,100.0,311.12,4.0,233,0.38,100.0,0.61,0.61,9.25,0.0429,0.8478,0.8806,28,82,113.466,308.064,0.0,0.0,96,14,0,1,0
110,1788546923.4094574,249,14,1,14,3,246,0,1,1,4,18,6,1,0,100.0,311.12,4.0,233,0.37,100.0,0.61,0.61,9.33,0.0429,0.8483,0.8809,28,83,113.466,308.064,0.0,0.0,96,14,0,1,0
111,1788546923.4632802,249,14,1,14,3,246,0,1,1,4,18,6,1,0,100.0,311.12,4.0,233,0.37,100.0,0.61,0.61,9.41,0.0429,0.8484,0.881,28,84,113.466,308.064,0.0,0.0,96,14,0,1,0
112,1788546923.5163789,249,14,1,14,3,246,0,1,1,4,18,6,1,0,100.0,311.12,4.0,233,0.37,100.0,0.61,0.61,9.48,0.0429,0.847,0.8801,28,85,113.466,308.064,0.0,0.0,96,14,0,1,0
113,1788546923.7293377,249,14,3,14,3,246,0,1,1,4,18,6,1,0,100.0,311.12,4.0,245,0.36,100.0,0.61,0.61,9.11,0.0643,0.8097,0.8475,29,85,113.466,308.064,0.0,0.0,96,14,0,1,0
114,1788546923.7828562,249,14,3,14,3,246,0,1,1,4,18,6,1,0,100.0,311.12,4.0,245,0.36,100.0,0.61,0.61,9.18,0.0643,0.8073,0.8458,29,86,113.466,308.064,0.0,0.0,96,14,0,1,0
115,1788546923.8361387,249,14,3,14,3,246,0,1,1,4,18,6,1,0,100.0,311.12,4.0,245,0.36,100.0,0.61,0.61,9.25,0.0643,0.8071,0.8457,29,87,113.466,308.064,0.0,0.0,96,14,0,1,0
116,1788546923.8891592,249,14,3,14,3,246,0,1,1,4,18,6,1,0,100.0,311.12,4.0,245,0.35,100.0,0.61,0.61,9.33,0.0643,0.8098,0.8476,29,88,113.466,308.064,0.0,0.0,96,14,0,1,0
117,1788546923.9419742,249,14,3,14,3,246,0,1,1,4,18,6,1,0,100.0,311.12,4.0,245,0.35,100.0,0.61,0.61,9.4,0.0643,0.7978,0.8392,29,89,113.466,308.064,0.0,0.0,96,14,0,1,0
118,1788546924.154106,249,19,4,19,3,246,0,1,1,4,18,6,1,0,100.0,311.12,4.0,258,0.35,100.0,0.61,0.61,8.8,0.0316,0.9099,0.9274,30,89,113.466,308.064,0.0,0.0,96,14,0,1,0
119,1788546924.2076693,248,19,4,19,3,245,0,1,1,4,18,6,1,0,100.0,311.12,4.0,258,0.34,100.0,0.61,0.61,8.9,0.0316,0.9111,0.9283,30,90,113.466,308.064,0.0,0.0,96,14,0,1,0
120,1788546924.2605097,248,19,4,19,3,245,0,1,1,4,18,6,1,0,100.0,311.12,4.0,258,0.34,100.0,0.61,0.61,8.99,0.0316,0.9093,0.927,30,91,113.466,308.064,0.0,0.0,96,14,0,1,0
121,1788546924.3132944,248,19,4,19,3,245,0,1,1,4,18,6,1,0,100.0,311.12,4.0,258,0.34,100.0,0.61,0.61,9.08,0.0316,0.9089,0.9268,30,92,113.466,308.064,0.0,0.0,96,14,0,1,0
122,1788546924.3661788,248,19,4,19,3,245,0,1,1,4,18,6,1,0,100.0,311.12,4.0,258,0.34,100.0,0.61,0.61,9.18,0.0316,0.8896,0.9133,30,93,113.466,308.064,0.0,0.0,96,14,0,1,0
123,1788546924.5743024,248,14,2,14,3,245,0,1,1,4,18,6,1,0,100.0,311.12,4.0,271,0.33,100.0,0.61,0.61,9.02,0.0429,0.8086,0.8532,31,93,113.466,308.064,0.0,0.0,96,14,0,1,0
124,1788546924.6274297,248,14,2,14,3,245,0,1,1,4,18,6,1,0,100.0,311.12,4.0,271,0.33,100.0,0.61,0.61,9.09,0.0429,0.8129,0.8561,31,94,113.466,308.064,0.0,0.0,96,14,0,1,0
125,1788546924.6814294,248,14,2,14,3,245,0,1,1,4,18,6,1,0,100.0,311.12,4.0,271,0.33,100.0,0.61,0.61,9.16,0.0429,0.8097,0.8539,31,95,113.466,308.064,0.0,0.0,96,14,0,1,0
126,1788546924.734745,248,14,2,14,3,245,0,1,1,4,18,6,1,0,100.0,311.12,4.0,271,0.33,100.0,0.61,0.61,9.22,0.0429,0.8112,0.855,31,96,113.466,308.064,0.0,0.0,96,14,0,1,0
127,1788546924.7874408,248,14,2,14,3,245,0,1,1,4,18,6,1,0,100.0,311.12,4.0,271,0.32,100.0,0.61,0.61,9.29,0.0429,0.8073,0.8523,31,97,113.466,308.064,0.0,0.0,96,14,0,1,0
128,1788546924.994654,247,16,6,16,3,244,0,1,1,4,18,6,1,0,100.0,311.12,4.0,283,0.32,100.0,0.61,0.61,9.02,0.05,0.8497,0.8798,32,97,113.466,308.064,0.0,0.0,96,14,0,1,0
129,1788546925.0472682,247,16,6,16,3,244,0,1,1,4,18,6,1,0,100.0,311.12,4.0,283,0.32,100.0,0.61,0.61,9.1,0.05,0.8522,0.8816,32,98,113.466,308.064,0.0,0.0,96,14,0,1,0
130,1788546925.099808,247,16,6,16,3,244,0,1,1,4,18,6,1,0,100.0,311.12,4.0,283,0.32,100.0,0.61,0.61,9.17,0.05,0.8505,0.8803,32,99,113.466,308.064,0.0,0.0,96,14,0,1,0
131,1788546925.1530366,247,16,6,16,3,244,0,1,1,4,18,6,1,0,100.0,311.12,4.0,283,0.31,100.0,0.61,0.61,9.24,0.05,0.8485,0.8789,32,100,113.466,308.064,0.0,0.0,96,14,0,1,0
132,1788546925.2047448,246,16,6,16,3,243,0,1,1,4,18,6,1,0,100.0,311.12,4.0,283,0.31,100.0,0.61,0.61,9.32,0.05,0.8471,0.878,32,101,113.466,308.064,0.0,0.0,96,14,0,1,0
133,1788546925.4077265,246,19,5,19,3,243,0,1,1,4,18,6,1,0,100.0,311.12,4.0,296,0.31,100.0,0.61,0.61,9.03,0.0263,0.9077,0.9275,33,101,113.466,308.064,0.0,0.0,96,14,0,1,0
134,1788546925.4609694,246,19,5,19,3,243,0,1,1,4,18,6,1,0,100.0,311.12,4.0,296,0.31,100.0,0.61,0.61,9.12,0.0263,0.9096,0.9288,33,102,113.466,308.064,0.0,0.0,96,14,0,1,0
135,1788546925.514978,246,19,5,19,3,243,0,1,1,4,18,6,1,0,100.0,311.12,4.0,296,0.3,100.0,0.61,0.61,9.2,0.0263,0.9067,0.9268,33,103,113.466,308.064,0.0,0.0,96,14,0,1,0
136,1788546925.5681305,246,19,5,19,3,243,0,1,1,4,18,6,1,0,100.0,311.12,4.0,296,0.3,100.0,0.61,0.61,9.28,0.0263,0.9008,0.9227,33,104,113.466,308.064,0.0,0.0,96,14,0,1,0
137,1788546925.620872,246,19,5,19,3,243,0,1,1,4,18,6,1,0,100.0,311.12,4.0,296,0.3,100.0,0.61,0.61,9.37,0.0263,0.8975,0.9203,33,105,113.466,308.064,0.0,0.0,96,14,0,1,0
138,1788546925.8333902,246,21,3,21,3,243,0,1,1,4,18,6,1,0,100.0,311.12,4.0,312,0.3,100.0,0.61,0.61,9.18,0.0619,0.9539,0.9492,34,105,113.466,308.064,0.0,0.0,96,14,0,1,0
139,1788546925.8870728,246,21,3,21,3,243,0,1,1,4,18,6,1,0,100.0,311.12,4.0,312,0.29,100.0,0.61,0.61,9.27,0.0619,0.9552,0.9501,34,106,113.466,308.064,0.0,0.0,96,14,0,1,0
140,1788546925.9407685,246,21,3,21,3,243,0,1,1,4,18,6,1,0,100.0,311.12,4.0,312,0.29,100.0,0.61,0.61,9.36,0.0619,0.9547,0.9497,34,107,113.466,308.064,0.0,0.0,96,14,0,1,0
141,1788546925.9934773,245,21,3,21,3,242,0,1,1,4,18,6,1,0,100.0,311.12,4.0,312,0.29,100.0,0.61,0.61,9.45,0.0619,0.9514,0.9474,34,108,113.466,308.064,0.0,0.0,96,14,0,1,0
142,1788546926.0459738,245,21,3,21,3,242,0,1,1,4,18,6,1,0,100.0,311.12,4.0,312,0.29,100.0,0.61,0.61,9.54,0.0619,0.9428,0.9414,34,109,113.466,308.064,0.0,0.0,96,14,0,1,0
143,1788546926.2534263,244,14,6,14,3,241,0,1,1,4,18,6,1,0,100.0,311.12,4.0,326,0.29,100.0,0.61,0.61,9.39,0.1143,0.8279,0.8452,35,109,113.466,308.064,0.0,0.0,96,14,0,1,0
144,1788546926.3055732,243,14,6,14,3,240,0,1,1,4,18,6,1,0,100.0,311.12,4.0,326,0.28,100.0,0.61,0.61,9.45,0.1143,0.8313,0.8477,35,110,113.466,308.064,0.0,0.0,96,14,0,1,0
145,1788546926.3579671,243,14,6,14,3,240,0,1,1,4,18,6,1,0,100.0,311.12,4.0,326,0.28,100.0,0.61,0.61,9.51,0.1143,0.8274,0.8449,35,111,113.466,308.064,0.0,0.0,96,14,0,1,0
146,1788546926.409567,243,14,6,14,3,240,0,1,1,4,18,6,1,0,100.0,311.12,4.0,326,0.28,100.0,0.61,0.61,9.57,0.1143,0.8178,0.8382,35,112,113.466,308.064,0.0,0.0,96,14,0,1,0
147,1788546926.4615872,243,14,6,14,3,240,0,1,1,4,18,6,1,0,100.0,311.12,4.0,326,0.28,100.0,0.61,0.61,9.63,0.1143,0.8059,0.8298,35,113,113.466,308.064,0.0,0.0,96,14,0,1,0
148,1788546926.6693573,243,7,7,7,3,240,0,1,1,4,18,6,1,0,100.0,311.12,4.0,333,0.28,100.0,0.61,0.61,9.46,0.0857,0.8076,0.8396,36,113,113.466,308.064,0.0,0.0,96,14,0,1,0
149,1788546926.720998,242,7,7,7,3,239,0,1,1,4,18,6,1,0,100.0,311.12,4.0,333,0.27,100.0,0.61,0.61,9.49,0.0857,0.8048,0.8377,36,114,113.466,308.064,0.0,0.0,96,14,0,1,0
150,1788546926.771797,242,7,7,7,3,239,0,1,1,4,18,6,1,0,100.0,311.12,4.0,333,0.27,100.0,0.61,0.61,9.52,0.0857,0.7978,0.8327,36,115,113.466,308.064,0.0,0.0,96,14,0,1,0
151,1788546926.8219678,242,7,7,7,3,239,0,1,1,4,18,6,1,0,100.0,311.12,4.0,333,0.27,100.0,0.61,0.61,9.55,0.0857,0.7868,0.8251,36,116,113.466,308.064,0.0,0.0,96,14,0,1,0
152,1788546926.8722048,242,7,7,7,3,239,0,1,1,4,18,6,1,0,100.0,311.12,4.0,333,0.27,100.0,0.61,0.61,9.58,0.0857,0.7819,0.8216,36,117,113.466,308.064,0.0,0.0,96,14,0,1,0
153,1788546927.0732982,242,15,5,15,3,239,0,1,1,4,18,6,1,0,100.0,311.12,4.0,340,0.27,100.0,0.61,0.61,9.11,0.02,0.8405,0.8823,37,117,113.466,308.064,0.0,0.0,96,14,0,1,0
154,1788546927.124797,242,15,5,15,3,239,0,1,1,4,18,6,1,0,100.0,311.12,4.0,340,0.27,100.0,0.61,0.61,9.17,0.02,0.8378,0.8805,37,118,113.466,308.064,0.0,0.0,96,14,0,1,0
155,1788546927.1759799,241,15,5,15,3,238,0,1,1,4,18,6,1,0,100.0,311.12,4.0,340,0.26,100.0,0.61,0.61,9.23,0.02,0.8364,0.8795,37,119,113.466,308.064,0.0,0.0,96,14,0,1,0
156,1788546927.2263677,240,15,5,15,3,237,0,1,1,4,18,6,1,0,100.0,311.12,4.0,340,0.26,100.0,0.61,0.61,9.29,0.02,0.8332,0.8772,37,120,113.466,308.064,0.0,0.0,96,14,0,1,0
157,1788546927.276896,240,15,5,15,3,237,0,1,1,4,18,6,1,0,100.0,311.12,4.0,340,0.26,100.0,0.61,0.61,9.35,0.02,0.8289,0.8742,37,121,113.466,308.064,0.0,0.0,96,14,0,1,0
158,1788546927.4757724,240,21,9,21,3,237,0,1,1,4,18,6,1,0,100.0,311.12,4.0,352,0.26,100.0,0.61,0.61,9.04,0.0381,0.9489,0.9528,38,121,113.466,308.064,0.0,0.0,96,14,0,1,0
159,1788546927.5432546,240,21,9,21,3,237,0,1,1,4,18,6,1,0,100.0,311.12,4.0,352,0.26,100.0,0.61,0.61,9.12,0.0381,0.9479,0.9521,38,122,113.466,308.064,0.0,0.0,96,14,0,1,0
160,1788546927.605027,240,21,9,21,3,237,0,1,1,4,18,6,1,0,100.0,311.12,4.0,352,0.26,100.0,0.61,0.61,9.2,0.0381,0.9469,0.9514,38,123,113.466,308.064,0.0,0.0,96,14,0,1,0
161,1788546927.6701899,239,21,9,21,3,236,0,1,1,4,18,6,1,0,100.0,311.12,4.0,352,0.25,100.0,0.61,0.61,9.28,0.0381,0.9453,0.9503,38,124,113.466,308.064,0.0,0.0,96,14,0,1,0
162,1788546927.7820597,237,21,9,21,3,234,0,1,1,4,18,6,1,0,100.0,311.12,4.0,352,0.25,100.0,0.61,0.61,9.35,0.0381,0.9343,0.9426,38,125,113.466,308.064,0.0,0.0,96,14,0,1,0
163,1788546928.1005785,237,19,5,19,3,234,0,1,1,4,18,6,1,0,100.0,311.12,4.0,367,0.25,100.0,0.61,0.61,9.19,0.0632,0.9262,0.9294,39,125,113.466,308.064,0.0,0.0,96,14,0,1,0
164,1788546928.2405944,235,19,5,19,3,232,0,1,1,4,18,6,1,0,100.0,311.12,4.0,367,0.25,100.0,0.61,0.61,9.25,0.0632,0.9257,0.9291,39,126,113.466,308.064,0.0,0.0,96,14,0,1,0
165,1788546928.3772292,235,19,5,19,3,232,0,1,1,4,18,6,1,0,100.0,311.12,4.0,367,0.25,100.0,0.61,0.61,9.32,0.0632,0.9253,0.9288,39,127,113.466,308.064,0.0,0.0,96,14,0,1,0
166,1788546928.516073,234,19,5,19,3,231,0,1,1,4,18,6,1,0,100.0,311.12,4.0,367,0.25,100.0,0.61,0.61,9.39,0.0632,0.9216,0.9261,39,128,113.466,308.064,0.0,0.0,96,14,0,1,0
167,1788546928.6555595,234,19,5,19,3,231,0,1,1,4,18,6,1,0,100.0,311.12,4.0,367,0.25,100.0,0.61,0.61,9.46,0.0632,0.9128,0.92,39,129,113.466,308.064,0.0,0.0,96,14,0,1,0
168,1788546928.9518669,234,20,4,20,3,231,0,1,1,4,18,6,1,0,100.0,311.12,4.0,380,0.24,100.0,0.61,0.61,9.36,0.05,0.9305,0.9364,40,129,113.466,308.064,0.0,0.0,96,14,0,1,0
169,1788546929.0692878,234,20,4,20,3,231,0,1,1,4,18,6,1,0,100.0,311.12,4.0,380,0.24,100.0,0.61,0.61,9.44,0.05,0.9338,0.9386,40,130,113.466,308.064,0.0,0.0,96,14,0,1,0
170,1788546929.1211815,233,20,4,20,3,230,0,1,1,4,18,6,1,0,100.0,311.12,4.0,380,0.24,100.0,0.61,0.61,9.51,0.05,0.9334,0.9384,40,131,113.466,308.064,0.0,0.0,96,14,0,1,0
171,1788546929.171599,232,20,4,20,3,229,0,1,1,4,18,6,1,0,100.0,311.12,4.0,380,0.24,100.0,0.61,0.61,9.58,0.05,0.9322,0.9375,40,132,113.466,308.064,0.0,0.0,96,14,0,1,0
172,1788546929.2215044,232,20,4,20,3,229,0,1,1,4,18,6,1,0,100.0,311.12,4.0,380,0.24,100.0,0.61,0.61,9.65,0.05,0.9298,0.9358,40,133,113.466,308.064,0.0,0.0,96,14,0,1,0
173,1788546929.4058843,232,16,2,16,3,229,0,1,1,4,18,6,1,0,100.0,311.12,4.0,393,0.24,100.0,0.61,0.61,9.54,0.0625,0.9111,0.919,41,133,113.466,308.064,0.0,0.0,96,14,0,1,0
174,1788546929.4553857,232,16,2,16,3,229,0,1,1,4,18,6,1,0,100.0,311.12,4.0,393,0.24,100.0,0.61,0.61,9.59,0.0625,0.914,0.921,41,134,113.466,308.064,0.0,0.0,96,14,0,1,0
175,1788546929.504411,231,16,1,16,3,228,0,1,1,4,18,6,1,0,100.0,311.12,4.0,393,0.23,100.0,0.61,0.61,9.65,0.0625,0.9138,0.9209,41,135,113.466,308.064,0.0,0.0,96,14,0,1,0
176,1788546929.553333,231,16,1,16,3,228,0,1,1,4,18,6,1,0,100.0,311.12,4.0,393,0.23,100.0,0.61,0.61,9.71,0.0625,0.9112,0.9191,41,136,113.466,308.064,0.0,0.0,96,14,0,1,0
177,1788546929.602081,231,16,1,16,3,228,0,1,1,4,18,6,1,0,100.0,311.12,4.0,393,0.23,100.0,0.61,0.61,9.76,0.0625,0.9008,0.9118,41,137,113.466,308.064,0.0,0.0,96,14,0,1,0
178,1788546929.7808263,229,18,2,18,3,226,0,1,1,4,18,6,1,0,100.0,311.12,4.0,406,0.23,100.0,0.61,0.61,9.62,0.0389,0.9104,0.9256,42,137,113.466,308.064,0.0,0.0,96,14,0,1,0
179,1788546929.8300898,229,18,2,18,3,226,0,1,1,4,18,6,1,0,100.0,311.12,4.0,406,0.23,100.0,0.61,0.61,9.68,0.0389,0.9128,0.9273,42,138,113.466,308.064,0.0,0.0,96,14,0,1,0
180,1788546929.878318,229,18,2,18,3,226,0,1,1,4,18,6,1,0,100.0,311.12,4.0,406,0.23,100.0,0.61,0.61,9.75,0.0389,0.9157,0.9293,42,139,113.466,308.064,0.0,0.0,96,14,0,1,0
181,1788546929.9264572,229,18,2,18,3,226,0,1,1,4,18,6,1,0,100.0,311.12,4.0,406,0.23,100.0,0.61,0.61,9.81,0.0389,0.9186,0.9313,42,140,113.466,308.064,0.0,0.0,96,14,0,1,0
182,1788546929.9746401,229,18,2,18,3,226,0,1,1,4,18,6,1,0,100.0,311.12,4.0,406,0.23,100.0,0.61,0.61,9.87,0.0389,0.9125,0.9271,42,141,113.466,308.064,0.0,0.0,96,14,0,1,0
183,1788546930.1513367,224,21,2,21,3,221,0,1,1,4,18,6,1,0,100.0,311.12,4.0,420,0.22,100.0,0.61,0.61,9.77,0.0714,0.9782,0.9633,43,141,113.466,308.064,0.0,0.0,96,14,0,1,0
184,1788546930.1990936,224,21,2,21,3,221,0,1,1,4,18,6,1,0,100.0,311.12,4.0,420,0.22,100.0,0.61,0.61,9.84,0.0714,0.9783,0.9634,43,142,113.466,308.064,0.0,0.0,96,14,0,1,0
185,1788546930.245692,222,21,2,21,3,219,0,1,1,4,18,6,1,0,100.0,311.12,4.0,420,0.22,100.0,0.61,0.61,9.92,0.0714,0.9795,0.9642,43,143,113.466,308.064,0.0,0.0,96,14,0,1,0
186,1788546930.2926266,222,21,2,21,3,219,0,1,1,4,18,6,1,0,100.0,311.12,4.0,420,0.22,100.0,0.61,0.61,9.99,0.0714,0.9761,0.9619,43,144,113.466,308.064,0.0,0.0,96,14,0,1,0
187,1788546930.3397794,222,21,2,21,3,219,0,1,1,4,18,6,1,0,100.0,311.12,4.0,420,0.22,100.0,0.61,0.61,10.06,0.0714,0.9743,0.9606,43,145,113.466,308.064,0.0,0.0,96,14,0,1,0
188,1788546930.512115,221,15,5,15,3,218,0,1,1,4,18,6,1,0,100.0,311.12,4.0,429,0.22,100.0,0.61,0.61,10.04,0.1333,0.8935,0.8854,44,145,113.466,308.064,0.0,0.0,96,14,0,1,0
189,1788546930.5592575,221,15,5,15,3,218,0,1,1,4,18,6,1,0,100.0,311.12,4.0,429,0.22,100.0,0.61,0.61,10.09,0.1333,0.882,0.8774,44,146,113.466,308.064,0.0,0.0,96,14,0,1,0
190,1788546930.6059396,221,15,5,15,3,218,0,1,1,4,18,6,1,0,100.0,311.12,4.0,429,0.22,100.0,0.61,0.61,10.14,0.1333,0.8756,0.873,44,147,113.466,308.064,0.0,0.0,96,14,0,1,0
191,1788546930.653082,221,15,5,15,3,218,0,1,1,4,18,6,1,0,100.0,311.12,4.0,429,0.21,100.0,0.61,0.61,10.19,0.1333,0.863,0.8641,44,148,113.466,308.064,0.0,0.0,96,14,0,1,0
192,1788546930.7017567,221,15,5,15,3,218,0,1,1,4,18,6,1,0,100.0,311.12,4.0,429,0.21,100.0,0.61,0.61,10.24,0.1333,0.8227,0.8359,44,149,113.466,308.064,0.0,0.0,96,14,0,1,0
193,1788546930.8773046,221,13,4,13,3,218,0,1,1,4,18,6,1,0,100.0,311.12,4.0,441,0.21,100.0,0.61,0.61,10.02,0.0769,0.7601,0.809,45,149,113.466,308.064,0.0,0.0,96,14,0,1,0
194,1788546930.924196,221,13,4,13,3,218,0,1,1,4,18,6,1,0,100.0,311.12,4.0,441,0.21,100.0,0.61,0.61,10.06,0.0769,0.7569,0.8068,45,150,113.466,308.064,0.0,0.0,96,14,0,1,0
195,1788546930.970158,221,13,4,13,3,218,0,1,1,4,18,6,1,0,100.0,311.12,4.0,441,0.21,100.0,0.61,0.61,10.1,0.0769,0.7423,0.7966,45,151,113.466,308.064,0.0,0.0,96,14,0,1,0
196,1788546931.0160336,220,13,4,13,3,217,0,1,1,4,18,6,1,0,100.0,311.12,4.0,441,0.21,100.0,0.61,0.61,10.14,0.0769,0.7248,0.7843,45,152,113.466,308.064,0.0,0.0,96,14,0,1,0
197,1788546931.061388,218,13,4,13,3,215,0,1,1,4,18,6,1,0,100.0,311.12,4.0,441,0.21,100.0,0.61,0.61,10.19,0.0769,0.6978,0.7654,45,153,113.466,308.064,0.0,0.0,96,14,0,1,0
198,1788546931.2279613,217,13,4,13,3,214,0,1,1,4,18,6,1,0,100.0,311.12,4.0,451,0.21,100.0,0.61,0.61,9.97,0.0385,0.7942,0.8444,46,153,113.466,308.064,0.0,0.0,96,14,0,1,0
199,1788546931.2731826,215,13,4,13,3,212,0,1,1,4,18,6,1,0,100.0,311.12,4.0,451,0.21,100.0,0.61,0.61,10.01,0.0385,0.7937,0.8441,46,154,113.466,308.064,0.0,0.0,96,14,0,1,0
